class,weight
0,0.4057366362451108
1,1.9821656050955414
2,0.7330977620730271
3,3.795121951219512
4,2.4796812749003982
