channel,mean,std
R,0.5069961124057688,0.21351103593443652
G,0.5003240719786866,0.17456410815645412
B,0.5008675744706435,0.09135512864749425
